영상 파일명,평균 속도(FPS),최저 속도(Seconds),최고 속도(Seconds),평균 사람 형태 차단율(%),최저 사람 형태 차단율(%),최고 사람 형태 차단율(%),평균 BBox 마스킹률(%),최저 BBox 마스킹률(%),최고 BBox 마스킹률(%),평균 신뢰도 점수(Conf)
result_cross_eval_20260604_155232.csv,5.15891131369985,0.1332960128784179,0.4488234519958496,98.41977082272007,0.0,100.0,99.6222851746931,0.0,100.0,0.8734468351680226
result_cross_eval_20260604_160842.csv,5.303994540011892,0.1240661144256591,0.2941441535949707,97.8160045298148,91.5245179769997,100.0,100.0,100.0,100.0,0.8600196403188796
result_cross_eval_20260604_164246.csv,3.9886617382558014,0.1124122142791748,0.5183219909667969,95.7530958262396,0.0,100.0,99.88811188811188,0.0,100.0,0.8406928326866844
result_cross_eval_20260607_125529.csv,4.983755765621678,0.1657798290252685,0.607393741607666,81.32143151691768,13.73177726439894,99.3138204842258,100.0,100.0,100.0,0.8394767145784786
result_cross_eval_20260607_131102.csv,3.8248173609123692,0.1290311813354492,0.6808691024780273,99.26969413704913,97.0228494623656,100.0,100.0,100.0,100.0,0.9064897172363745
result_cross_eval_20260607_133136.csv,4.9165061176021,0.1552817821502685,0.3142271041870117,96.64901439730177,41.83682208619864,100.0,100.0,100.0,100.0,0.7350626474650361
result_cross_eval_20260607_135124.csv,5.2192390068839645,0.1242563724517822,0.3979158401489258,98.99467527320407,95.65235743531298,100.0,100.0,100.0,100.0,0.8717952543614607
result_cross_eval_20260607_140923.csv,5.398526964936236,0.1133563518524169,0.2249186038970947,97.7459213995812,94.02050429481852,100.0,100.0,100.0,100.0,0.8544909904221092
result_cross_eval_20260607_142557.csv,5.089407223866353,0.1329925060272216,0.2379076480865478,97.41606788588334,73.1405420508522,100.0,100.0,100.0,100.0,0.9041795609593888
result_cross_eval_20260607_143857.csv,4.9727965021176335,0.1485066413879394,0.2713935375213623,97.67324968917194,75.79288025889967,100.0,100.0,100.0,100.0,0.8742660919317634
result_cross_eval_20260607_145253.csv,4.3071931066594615,0.1500751972198486,0.2960274219512939,99.5323940952257,84.14076458496787,100.0,100.0,100.0,100.0,0.8599393069330074
result_cross_eval_20260607_150737.csv,4.333955334931155,0.1740562915802002,0.3147695064544678,99.51789447938316,67.39586698735206,100.0,100.0,100.0,100.0,0.9153580653836283
result_cross_eval_20260607_152331.csv,4.9188346351950045,0.1452465057373047,0.3619875907897949,97.78506709535652,0.0,99.82735375990534,99.97220678154531,0.0,100.0,0.8789125567943007
result_cross_eval_20260607_153717.csv,4.718189140053867,0.1451969146728515,0.2596824169158935,99.05506848830612,97.2903421132304,100.0,100.0,100.0,100.0,0.8986550488262764
result_cross_eval_20260607_155221.csv,4.821913075772774,0.1342179775238037,0.3940412998199463,97.96231785349582,92.30117152399843,100.0,100.0,100.0,100.0,0.892611871987904
result_cross_eval_20260607_160537.csv,4.788475396565982,0.1693425178527832,0.2813680171966553,99.35671526330535,73.5496667724532,100.0,100.0,100.0,100.0,0.9028195454755845
result_cross_eval_20260607_161907.csv,4.9788627062769315,0.1568193435668945,0.2484505176544189,98.6672650761298,92.86842764387416,100.0,100.0,100.0,100.0,0.8922159396188519
result_cross_eval_20260607_163205.csv,4.830060417912768,0.1615536212921142,0.2794160842895508,99.0108847127876,94.69619959695396,100.0,100.0,100.0,100.0,0.8971022601721351
result_cross_eval_20260607_164549.csv,5.019107782323099,0.1353633403778076,0.2461771965026855,97.2078521464895,52.49133936203716,100.0,100.0,100.0,100.0,0.8525001521141016
result_cross_eval_20260607_170000.csv,5.148876101097484,0.1450517177581787,0.2616825103759765,99.44313200883573,96.88988465687495,100.0,100.0,100.0,100.0,0.8997765990878026
result_cross_eval_20260607_171250.csv,5.15072246623898,0.1404619216918945,0.3298282623291015,99.61400165540505,96.91843293954135,100.0,100.0,100.0,100.0,0.9125310739687643
result_cross_eval_20260607_172535.csv,4.824806426484825,0.1641726493835449,0.2707729339599609,96.58512433516493,58.17180836649409,100.0,100.0,100.0,100.0,0.8950188807012506
result_cross_eval_20260607_174031.csv,5.1130998222098105,0.122077465057373,0.2734591960906982,99.30888527944929,35.804071117054534,100.0,100.0,100.0,100.0,0.8796918386714601
result_cross_eval_20260607_175345.csv,5.2770522776553115,0.1334795951843261,0.2384302616119384,99.3845838087684,97.82413970645281,100.0,100.0,100.0,100.0,0.9179431404949494
result_cross_eval_20260607_180647.csv,5.104889828395519,0.1274728775024414,0.2307133674621582,99.18669658880486,95.16085862641187,100.0,100.0,100.0,100.0,0.9008762190380383
result_cross_eval_20260607_182145.csv,5.420142584659628,0.1153078079223632,0.2294206619262695,99.28502187701305,84.89434775016008,100.0,100.0,100.0,100.0,0.8756399131470617
result_cross_eval_20260607_183353.csv,5.184718924034379,0.1471953392028808,0.2531702518463135,99.11045530331275,57.53001264946658,100.0,100.0,100.0,100.0,0.9294522314717069
result_cross_eval_20260607_184622.csv,5.318686626652935,0.1336660385131836,0.4014391899108886,98.60575833752183,95.62785653420096,100.0,100.0,100.0,100.0,0.8791666559175095
result_cross_eval_20260607_185909.csv,5.242957575152921,0.1478068828582763,0.2481117248535156,98.44013305805866,93.17064578629646,100.0,100.0,100.0,100.0,0.8937998778492693
result_cross_eval_20260607_194002.csv,4.68841366504333,0.147101879119873,0.2603611946105957,99.3729497651924,88.9432611629408,100.0,100.0,100.0,100.0,0.910389918795694
result_cross_eval_20260607_195427.csv,4.272073356048016,0.1653740406036377,0.2981355190277099,96.27304007007535,66.57793294802423,100.0,100.0,100.0,100.0,0.9138732742879232
result_cross_eval_20260607_200921.csv,4.664539727980851,0.1731908321380615,0.2950818538665771,99.34953551729633,97.13769543296684,100.0,100.0,100.0,100.0,0.8814584540844096
result_cross_eval_20260607_202307.csv,4.832682091682287,0.157743215560913,0.2603716850280761,99.27171461666799,95.45612661970605,100.0,100.0,100.0,100.0,0.8895304859330078
result_cross_eval_20260607_203843.csv,4.9956368545866745,0.1348133087158203,0.2500646114349365,99.2379699253386,94.5873934226553,100.0,100.0,100.0,100.0,0.8566460678686245
result_cross_eval_20260607_205146.csv,4.291918080928619,0.1697080135345459,0.2959647178649902,90.08108182428775,67.67361357126228,100.0,100.0,100.0,100.0,0.9025783577385097
result_cross_eval_20260607_210649.csv,4.640097051350449,0.1635835170745849,0.315593957901001,99.29232904913736,79.89129127684649,100.0,100.0,100.0,100.0,0.8980042594600075
result_cross_eval_20260607_212302.csv,4.829998960019415,0.142221450805664,0.2539830207824707,99.26344767214391,95.24501372165908,100.0,100.0,100.0,100.0,0.8903503808601801
result_cross_eval_20260607_213722.csv,4.690350437135044,0.164799690246582,0.2837948799133301,99.68138550507366,93.78268234034404,100.0,100.0,100.0,100.0,0.9106463629879643
result_cross_eval_20260607_215102.csv,4.838860106346016,0.1617064476013183,0.2735259532928467,98.80656101989516,91.87825486423824,100.0,100.0,100.0,100.0,0.8828494802051268
result_cross_eval_20260607_220833.csv,4.962604903051512,0.1371035575866699,0.2518894672393799,98.5269224499616,92.58188543339661,100.0,100.0,100.0,100.0,0.8669017416136303
result_cross_eval_20260607_222143.csv,4.89437188527378,0.153578519821167,0.2505221366882324,98.7493508214577,91.7699045214235,100.0,100.0,100.0,100.0,0.8736144485853672
result_cross_eval_20260607_223529.csv,4.873574963801376,0.143918752670288,0.2727611064910888,99.00433376735026,93.11204122613891,100.0,100.0,100.0,100.0,0.8816053451382098
result_cross_eval_20260607_224846.csv,4.833003992233492,0.1486308574676513,0.2786946296691894,99.32322813094527,69.31031559912977,100.0,100.0,100.0,100.0,0.900684473515219
result_cross_eval_20260607_230204.csv,4.336089662205486,0.1908340454101562,0.2894289493560791,98.18449608754378,27.135361868220258,100.0,100.0,100.0,100.0,0.9101279023388167
result_cross_eval_20260607_231758.csv,4.935464369674542,0.1526334285736084,0.2519290447235107,99.44376488570822,85.94165366079545,100.0,100.0,100.0,100.0,0.8737534964395204
result_cross_eval_20260607_233156.csv,5.031008867540075,0.1376798152923584,0.275270938873291,97.31711873717175,93.12968786158642,100.0,100.0,100.0,100.0,0.8378463106432149
result_cross_eval_20260608_110117.csv,5.473299385491961,0.1419408321380615,0.4194967746734619,98.71756767402941,74.86895423621695,100.0,100.0,100.0,100.0,0.8757197500202133
result_cross_eval_20260608_111348.csv,4.785135933081526,0.1345939636230468,0.3842198848724365,99.27311105698533,49.024228388791826,100.0,100.0,100.0,100.0,0.8900533834287637
result_cross_eval_20260608_112729.csv,4.894328424705024,0.1452279090881347,0.293694257736206,99.17040494343698,86.42464190213411,100.0,100.0,100.0,100.0,0.8633849442633271
result_cross_eval_20260608_114033.csv,5.237323369715558,0.1260778903961181,0.7081863880157471,98.50232589786397,0.0,100.0,99.86348122866893,0.0,100.0,0.8848079073958023
result_cross_eval_20260608_115206.csv,5.106155937966753,0.1321802139282226,0.2680792808532715,97.67755576394356,0.0,100.0,99.54640614096301,0.0,100.0,0.8675542760481805
result_cross_eval_20260608_121003.csv,4.918045013541252,0.1278557777404785,0.5455634593963623,97.73442406812951,79.74371748034983,100.0,100.0,100.0,100.0,0.8738283134390716
result_cross_eval_20260608_122538.csv,4.991197615033335,0.1182074546813964,0.3766505718231201,99.25801928475708,81.3219491027899,100.0,100.0,100.0,100.0,0.8915070252353433
result_cross_eval_20260608_131350.csv,5.327356619482352,0.1197648048400878,0.3862690925598144,97.60404243090849,0.0,100.0,99.63225636984502,0.0,100.0,0.8252867787082208
result_cross_eval_20260608_132647.csv,5.043667972642695,0.1394462585449218,0.3780152797698974,98.52060530046789,75.30202015138605,100.0,100.0,100.0,100.0,0.8709608044662643
result_cross_eval_20260608_134029.csv,6.0115193241296,0.1333892345428466,0.3624117374420166,83.35154296902635,6.360727758941789,100.0,100.0,100.0,100.0,0.8314291950337035
result_cross_eval_20260608_135143.csv,4.923757989359206,0.1331696510314941,0.3367917537689209,98.63396855140991,93.41350369535265,100.0,100.0,100.0,100.0,0.8795405247928435
result_cross_eval_20260608_140654.csv,5.277146225443856,0.1170606613159179,0.280095100402832,98.26092244573645,46.757983122005,100.0,100.0,100.0,100.0,0.8533124428751886
result_cross_eval_20260608_174923.csv,5.288857184922974,0.1253046989440918,0.4236083030700683,98.73356226170604,0.0,100.0,99.91622451829097,0.0,100.0,0.8437049009053609
result_cross_eval_20260608_180627.csv,5.426560875885798,0.1208865642547607,0.2257111072540283,98.16259343438199,0.0,100.0,99.9111374407583,0.0,100.0,0.8725483706529954
result_cross_eval_20260608_181819.csv,5.394753303410826,0.1331133842468261,0.2362406253814697,98.11078325989234,58.04076571339999,100.0,100.0,100.0,100.0,0.8556350048480265
result_cross_eval_20260608_183132.csv,5.645675201568638,0.1196269989013671,0.3466708660125732,98.76524434303082,0.0,100.0,99.91394148020653,0.0,100.0,0.8667260231348679
result_cross_eval_20260608_222948.csv,8.171217037897849,0.0916717052459716,0.3101875782012939,99.68769115671525,98.93869322898138,100.0,100.0,100.0,100.0,0.8934261934624778
result_cross_eval_20260608_223042.csv,8.282776684538069,0.0895106792449951,0.1694607734680175,99.44105712356568,97.61008111239859,100.0,100.0,100.0,100.0,0.8995783470571042
result_cross_eval_20260608_223204.csv,8.530067635839405,0.084728717803955,0.1895391941070556,99.19020896605602,97.86094725388008,100.0,100.0,100.0,100.0,0.8977159491607121
result_cross_eval_20260608_223248.csv,8.23297577772624,0.0890603065490722,0.1720261573791504,99.69356061997716,99.22393062741384,100.0,100.0,100.0,100.0,0.9021206013361613
result_cross_eval_20260608_223326.csv,7.972138763629852,0.0915007591247558,0.1687829494476318,99.41244849277534,98.63182137559528,100.0,100.0,100.0,100.0,0.9056255684012459
result_cross_eval_20260608_223411.csv,7.824312751980549,0.0913543701171875,0.1872859001159668,73.96261432778597,53.007580174927114,100.0,100.0,100.0,100.0,0.9021804386661166
result_cross_eval_20260608_223457.csv,7.654635742953727,0.0962178707122802,0.1972906589508056,99.72655692060822,98.785127009449,100.0,100.0,100.0,100.0,0.8904603898525238
result_cross_eval_20260608_223548.csv,8.248997836122546,0.0878117084503173,0.167640209197998,99.27580945218622,97.74058044806516,100.0,100.0,100.0,100.0,0.8645009954770406
result_cross_eval_20260608_223628.csv,8.223798875838831,0.0912091732025146,0.1949281692504882,97.07464666902965,66.61299765807962,100.0,100.0,100.0,100.0,0.835289762724166
result_cross_eval_20260608_223711.csv,8.21026659595669,0.088231086730957,0.1812789440155029,86.2083449934467,66.66912225127997,100.0,100.0,100.0,100.0,0.7820323910978105
result_cross_eval_20260608_223750.csv,7.874177626726776,0.0915770530700683,0.1944899559020996,99.37336755185912,97.89272880528814,100.0,100.0,100.0,100.0,0.8229532400767009
result_cross_eval_20260608_223837.csv,7.941933896293892,0.0940003395080566,0.1883108615875244,99.56031498639483,97.97996661101837,100.0,100.0,100.0,100.0,0.8551163341317858
result_cross_eval_20260608_223935.csv,8.201084348455183,0.0920257568359375,0.179206371307373,99.882004839781,97.98244941753525,100.0,100.0,100.0,100.0,0.8820679295630682
result_cross_eval_20260608_224023.csv,8.027627958852811,0.0911512374877929,0.187223196029663,99.06564291434046,86.78699967281057,100.0,100.0,100.0,100.0,0.795318607489268
result_cross_eval_20260608_224109.csv,8.021734532669766,0.0829379558563232,0.1723029613494873,78.6559453035538,0.0,100.0,79.5,0.0,100.0,0.46175544753670694
result_cross_eval_20260608_224204.csv,7.720530766996154,0.0926189422607421,0.1869454383850097,98.3103143861477,91.80597423951768,99.8961713173264,100.0,100.0,100.0,0.8800300842239743
result_cross_eval_20260608_224258.csv,7.903394436981121,0.0938906669616699,0.1741716861724853,97.85404081865082,76.14022386812943,100.0,100.0,100.0,100.0,0.7204992661873499
result_cross_eval_20260608_224410.csv,7.989887913252693,0.0878932476043701,0.1766197681427002,99.28002887860224,97.9498113826472,99.9072626104666,100.0,100.0,100.0,0.7322703592203281
result_cross_eval_20260608_224503.csv,7.603489029774774,0.0899748802185058,0.1997942924499511,98.97091731675988,98.40465667780532,100.0,100.0,100.0,100.0,0.8791737985043299
result_cross_eval_20260608_224559.csv,6.3162677524733,0.124497652053833,0.2041947841644287,97.61697765663007,94.11907360252212,100.0,100.0,100.0,100.0,0.8095127280553182
result_cross_eval_20260608_224644.csv,6.055370487077621,0.1269538402557373,0.2015929222106933,99.58539744712306,97.92866282789508,100.0,100.0,100.0,100.0,0.8462761682271958
result_cross_eval_20260608_224734.csv,6.247090413302806,0.1193580627441406,0.1958868503570556,98.75171524803548,93.40581001603992,100.0,100.0,100.0,100.0,0.841481154759725
result_cross_eval_20260608_224816.csv,6.00759027075052,0.1256983280181884,0.1998367309570312,98.11324042151827,95.16453537936914,100.0,100.0,100.0,100.0,0.7965439093112946
result_cross_eval_20260608_224910.csv,6.281426446393046,0.1236543655395507,0.2007179260253906,96.992534337441,94.16457217790403,99.71194663432385,100.0,100.0,100.0,0.8107085303465525
result_cross_eval_20260608_225015.csv,6.460775282230749,0.1231930255889892,0.2109501361846923,98.36875323861653,95.75254847091745,100.0,100.0,100.0,100.0,0.7912825242678324
result_cross_eval_20260608_225112.csv,6.405310783495278,0.1217889785766601,0.1994919776916504,99.49297906452897,98.42887982729673,100.0,100.0,100.0,100.0,0.854570076862971
result_cross_eval_20260608_225217.csv,5.923294517743812,0.1338229179382324,0.2128539085388183,98.50049132420334,89.76991981008378,100.0,100.0,100.0,100.0,0.8270149290561676
result_cross_eval_20260608_225300.csv,5.294945196113383,0.1429896354675293,0.2291953563690185,99.3494184950376,98.74000654542054,99.93894993894995,100.0,100.0,100.0,0.9109994467099508
result_cross_eval_20260608_225346.csv,5.22406548462325,0.141862154006958,0.2342922687530517,79.90594430979876,33.08582486092793,99.64402092061665,100.0,100.0,100.0,0.8723783997694651
result_cross_eval_20260608_225526.csv,6.226184664733125,0.1230337619781494,0.2117147445678711,99.02474817820058,95.03439380911436,100.0,100.0,100.0,100.0,0.8764287587006887
result_cross_eval_20260608_225708.csv,5.805966375140179,0.1279010772705078,0.2200381755828857,99.26472800847776,93.57801784134392,100.0,100.0,100.0,100.0,0.8990082808335622
result_cross_eval_20260608_225759.csv,5.588772581477396,0.1292693614959716,0.2281572818756103,98.65111943343872,97.1979865771812,100.0,100.0,100.0,100.0,0.8882372192541759
result_cross_eval_20260608_225857.csv,5.672907982092981,0.1267981529235839,0.2144207954406738,99.07763590157667,96.31784522743916,99.92591064977124,100.0,100.0,100.0,0.8783341681957245
result_cross_eval_20260608_225957.csv,4.2579376288684,0.1415693759918213,0.3066732883453369,90.11772500280527,50.43527157614128,100.0,100.0,100.0,100.0,0.8677032681306204
result_cross_eval_20260608_230142.csv,6.146509324436602,0.1312620639801025,0.2135965824127197,98.79374565505728,92.87158746208291,99.88097009373604,100.0,100.0,100.0,0.9021889873345693
result_cross_eval_20260608_230224.csv,6.003167564916915,0.1159520149230957,0.2071783542633056,98.5090293899859,96.2456790971316,99.75458537845519,100.0,100.0,100.0,0.8308698431650797
result_cross_eval_20260608_230311.csv,6.302603535745522,0.1240997314453125,0.2049388885498047,86.05631876545121,0.0,100.0,87.67123287671232,0.0,100.0,0.6242123589123765
result_cross_eval_20260608_230353.csv,5.8872409036205555,0.1247143745422363,0.2018115520477295,98.82797805481218,43.50274746183235,99.91453404931224,100.0,100.0,100.0,0.9104319537008131
,,,,,,,,,,
영상 파일명,평균 속도(FPS),최저 속도(Seconds),최고 속도(Seconds),평균 사람 형태 차단율(%),최저 사람 형태 차단율(%),최고 사람 형태 차단율(%),평균 BBox 마스킹률(%),최저 BBox 마스킹률(%),최고 BBox 마스킹률(%),평균 신뢰도 점수(Conf)
[전체 종합 평균값] Total_Batch_Average,5.72,0.1295,0.2774,97.29%,73.01%,99.98%,99.65%,89.00%,100.00%,0.8630
[최저 평균 레코드] 각 지표별 가장 낮은 평균 수치를 기록한 영상 추적,3.82 (from: result_cross_eval_20260607_131102.csv),0.0829 (from: result_cross_eval_20260608_224109.csv),0.1676 (from: result_cross_eval_20260608_223548.csv),73.96% (from: result_cross_eval_20260608_223411.csv),0.00% (from: result_cross_eval_20260604_155232.csv),99.31% (from: result_cross_eval_20260607_125529.csv),79.50% (from: result_cross_eval_20260608_224109.csv),0.00% (from: result_cross_eval_20260604_155232.csv),100.00% (from: result_cross_eval_20260604_155232.csv),0.4618 (from: result_cross_eval_20260608_224109.csv)
[최고 평균 레코드] 각 지표별 가장 높은 평균 수치를 기록한 영상 추적,8.53 (from: result_cross_eval_20260608_223204.csv),0.1908 (from: result_cross_eval_20260607_230204.csv),0.7082 (from: result_cross_eval_20260608_114033.csv),99.88% (from: result_cross_eval_20260608_223935.csv),99.22% (from: result_cross_eval_20260608_223248.csv),100.00% (from: result_cross_eval_20260604_155232.csv),100.00% (from: result_cross_eval_20260604_160842.csv),100.00% (from: result_cross_eval_20260604_155232.csv),100.00% (from: result_cross_eval_20260604_155232.csv),0.9295 (from: result_cross_eval_20260607_183353.csv)
